{"F1-Test-without-imbalance": 0.5542784163473818, "Accuracy-Test-without-imbalance": 0.8602322787344814, "F1-Test-with-class-weight": 0.5547445255474452, "Accuracy-Test-with-class-weight": 0.8534241089307169, "F1-Test-with-SMOT": 0.5853131749460043, "Accuracy-Test-with-SMOT": 0.8462154585502603}