{"F1-Test-without-imbalance": 0.5789473684210527, "Accuracy-Test-without-imbalance": 0.8638638638638638, "F1-Test-with-class-weight": 0.5918367346938775, "Accuracy-Test-with-class-weight": 0.8598598598598599, "F1-Test-with-SMOT": 0.631439894319683, "Accuracy-Test-with-SMOT": 0.8603603603603603}