{"F1-Test-without-imbalance": 0.5869894099848714, "Accuracy-Test-without-imbalance": 0.8633633633633634, "F1-Test-with-class-weight": 0.5873261205564142, "Accuracy-Test-with-class-weight": 0.8663663663663663, "F1-Test-with-SMOT": 0.607190412782956, "Accuracy-Test-with-SMOT": 0.8523523523523524}