{"F1-Test-without-imbalance": 0.5709828393135725, "Accuracy-Test-without-imbalance": 0.8623623623623624, "F1-Test-with-class-weight": 0.5718799368088467, "Accuracy-Test-with-class-weight": 0.8643643643643644, "F1-Test-with-SMOT": 0.6111869031377899, "Accuracy-Test-with-SMOT": 0.8573573573573574}