{"F1-Test-without-imbalance": 0.5741029641185648, "Accuracy-Test-without-imbalance": 0.8633633633633634, "F1-Test-with-class-weight": 0.5678233438485805, "Accuracy-Test-with-class-weight": 0.8628628628628628, "F1-Test-with-SMOT": 0.6195652173913043, "Accuracy-Test-with-SMOT": 0.8598598598598599}