{"F1-Test-without-imbalance": 0.5390749601275917, "Accuracy-Test-without-imbalance": 0.8553553553553553, "F1-Test-with-class-weight": 0.5161290322580645, "Accuracy-Test-with-class-weight": 0.8498498498498499, "F1-Test-with-SMOT": 0.5694050991501416, "Accuracy-Test-with-SMOT": 0.8478478478478478}