{"F1-Test-without-imbalance": 0.6185819070904646, "Accuracy-Test-without-imbalance": 0.8750500600720865, "F1-Test-with-class-weight": 0.6076260762607626, "Accuracy-Test-with-class-weight": 0.8722466960352423, "F1-Test-with-SMOT": 0.635091496232508, "Accuracy-Test-with-SMOT": 0.8642370845014017}