{"F1-Test-without-imbalance": 0.5531914893617021, "Accuracy-Test-without-imbalance": 0.8570284341209451, "F1-Test-with-class-weight": 0.5683192261185006, "Accuracy-Test-with-class-weight": 0.8570284341209451, "F1-Test-with-SMOT": 0.5846817691477886, "Accuracy-Test-with-SMOT": 0.8458149779735683}