{"F1-Test-without-imbalance": 0.5727699530516432, "Accuracy-Test-without-imbalance": 0.8633633633633634, "F1-Test-with-class-weight": 0.5718799368088467, "Accuracy-Test-with-class-weight": 0.8643643643643644, "F1-Test-with-SMOT": 0.6158113730929264, "Accuracy-Test-with-SMOT": 0.8613613613613613}